{"cameraMode":{"drawMode":0,"name":"Shaded","section":"Shading Mode"},"sceneLighting":false,"audioPlay":false,"sceneViewState":{"m_AlwaysRefresh":false,"showFog":true,"showSkybox":false,"showFlares":true,"showImageEffects":true,"showParticleSystems":true,"showVisualEffectGraphs":true,"m_FxEnabled":true},"in2DMode":false,"pivot":{"x":9.85116958618164,"y":2.717405319213867,"z":-10.887707710266114},"rotation":{"x":0.056367382407188418,"y":-0.14475210011005402,"z":0.008259352296590805,"w":0.9878289699554443},"size":1.717410922050476,"orthographic":false}